{"cameraMode":{"drawMode":0,"name":"Shaded","section":"Shading Mode"},"sceneLighting":false,"audioPlay":false,"sceneViewState":{"m_AlwaysRefresh":false,"showFog":true,"showSkybox":false,"showFlares":true,"showImageEffects":true,"showParticleSystems":true,"showVisualEffectGraphs":true,"m_FxEnabled":true},"in2DMode":false,"pivot":{"x":-0.4407136142253876,"y":0.7348423600196838,"z":0.5497720837593079},"rotation":{"x":-0.1183745414018631,"y":0.20198698341846467,"z":-0.02459469623863697,"w":-0.9719063639640808},"size":1.1982836723327637,"orthographic":false}