{"cameraMode":{"drawMode":0,"name":"Shaded","section":"Shading Mode"},"sceneLighting":false,"audioPlay":false,"sceneViewState":{"m_AlwaysRefresh":false,"showFog":true,"showSkybox":false,"showFlares":true,"showImageEffects":true,"showParticleSystems":true,"showVisualEffectGraphs":true,"m_FxEnabled":true},"in2DMode":false,"pivot":{"x":-0.0007970333099365234,"y":0.34120848774909975,"z":0.026854097843170167},"rotation":{"x":0.01292193029075861,"y":-0.9730506539344788,"z":0.22332240641117097,"w":0.0564010813832283},"size":1.5527433156967164,"orthographic":false}