{"cameraMode":{"drawMode":0,"name":"Shaded","section":"Shading Mode"},"sceneLighting":false,"audioPlay":false,"sceneViewState":{"m_AlwaysRefresh":false,"showFog":true,"showSkybox":false,"showFlares":true,"showImageEffects":true,"showParticleSystems":true,"showVisualEffectGraphs":true,"m_FxEnabled":true},"in2DMode":false,"pivot":{"x":66.31500244140625,"y":22.200000762939454,"z":48.78052520751953},"rotation":{"x":-0.30601248145103457,"y":-0.19494841992855073,"z":0.06417389959096909,"w":-0.9296475648880005},"size":1.2887572050094605,"orthographic":false}