{"cameraMode":{"drawMode":0,"name":"Shaded","section":"Shading Mode"},"sceneLighting":false,"audioPlay":false,"sceneViewState":{"m_AlwaysRefresh":false,"showFog":true,"showSkybox":false,"showFlares":true,"showImageEffects":true,"showParticleSystems":true,"showVisualEffectGraphs":true,"m_FxEnabled":true},"in2DMode":false,"pivot":{"x":0.11999999731779099,"y":0.03500000387430191,"z":0.3100000023841858},"rotation":{"x":0.22722311317920686,"y":-0.7090984582901001,"z":0.2625595033168793,"w":0.6137083768844605},"size":0.17320507764816285,"orthographic":false}