{"cameraMode":{"drawMode":0,"name":"Shaded","section":"Shading Mode"},"sceneLighting":false,"audioPlay":false,"sceneViewState":{"m_AlwaysRefresh":false,"showFog":true,"showSkybox":false,"showFlares":true,"showImageEffects":true,"showParticleSystems":true,"showVisualEffectGraphs":true,"m_FxEnabled":true},"in2DMode":false,"pivot":{"x":0.3471033573150635,"y":-0.1277531385421753,"z":-0.2803930640220642},"rotation":{"x":0.19318531453609467,"y":0.6972517371177673,"z":-0.20427779853343965,"w":0.6593892574310303},"size":1.2319759130477906,"orthographic":false}